"key","fr"
"contact.contact_cv.heading","Contact & CV"
"contact.auguste_paccapelo.heading","Auguste Paccapelo"
"contact.a_propos_de_moi.heading","À propos de moi"
"contact.a_propos_de_moi.paragraph_1","Je suis Auguste Paccapelo, étudiant en <strong>3ème année à l'IIM Digital School Paris</strong> en <strong>Game Programming</strong>. J'aimerais devenir <strong>Tool Programmer</strong>.

Ce que je préfère c'est <strong>concevoir</strong> des <strong>outils</strong> efficaces et voir ce que d'autres personnes peuvent créer grâce à eux."
"contact.me_contacter.heading","Me contacter"
"contact.me_contacter.paragraph_1","Pour me contacter, vous pouvez utiliser :

Mon adresse <email>mail</email>,
Mon <phone>téléphone</phone>,
Ou mon <linkedin>LinkedIn</linkedin>."
"contact.mon_cv.heading","Mon CV"
"contact.mon_cv.link_1","Ouvrir le PDF"
"contact.mon_cv.img_alt","CV Auguste Paccapelo"
"blocky_escape.contexte.heading","Contexte"
"blocky_escape.contexte.paragraph_1","Ce jeu a été réalisé en <strong>groupe de 5 personnes</strong>.
Nous avions <strong>1 semaine</strong> de cours pour reprendre en main <strong>Git</strong> et <strong>Fork</strong>.

Pour mettre ces outils en pratique, nous devions créer un <strong>petit jeu</strong>."
"blocky_escape.pitch.heading","Pitch"
"blocky_escape.pitch.paragraph_1","Ce jeu se joue en <strong>coopération à 2 joueurs</strong>.
Un joueur est <strong>bloqué dans un trou</strong>, et l'objectif est de l'aider à en sortir.

Le second joueur peut placer des <strong>blocs</strong>, comme dans <strong>Tetris</strong>, pour créer un chemin vers la sortie."
"blocky_escape.walkthrough.heading","Walkthrough"
"blocky_escape.media.walkthrough_mp4.label","Walkthrough"
"blocky_escape.mon_travail.heading","Mon travail"
"blocky_escape.media.controls_gif.label","Controls"
"blocky_escape.controles_des_blocs.heading","Contrôles des blocs"
"blocky_escape.controles_des_blocs.paragraph_1","Je me suis occupé des <strong>inputs</strong> du second joueur.
Il peut déplacer les <strong>blocs</strong> à gauche ou à droite, les <strong>tourner</strong> et <strong>accélérer leur descente</strong>."
"blocky_escape.media.playerconnection_gif.label","PlayerConnection"
"blocky_escape.connexion_des_controleurs.heading","Connexion des contrôleurs"
"blocky_escape.connexion_des_controleurs.paragraph_1","J'ai également fait le système de <strong>connexion des joueurs</strong>.
Le jeu peut être joué avec <strong>1 ou 2 joueurs au clavier</strong>, ainsi qu'avec <strong>1 joueur à la manette</strong>."
"blocky_escape.media.wincond_gif.label","WinCond"
"blocky_escape.conditions_de_victoire_et_de_defaite.heading","Conditions de victoire et de défaite"
"blocky_escape.conditions_de_victoire_et_de_defaite.paragraph_1","Pour finir, j'ai fait la <strong>condition de victoire</strong>, déclenchée lorsque le joueur parvient à sortir.

J'ai aussi ajouté certaines <strong>conditions de défaite</strong> : lorsque le temps est écoulé, ou lorsque les <strong>blocs montent trop haut</strong>."
"blocky_escape.lien_pour_le_telecharger.heading","Lien pour le télécharger"
"blocky_escape.lien_pour_le_telecharger.paragraph_1","Vous pouvez télécharger le jeu via cette page <itch>itch.io</itch>."
"horse_gamble_ultimate_race.contexte.heading","Contexte"
"horse_gamble_ultimate_race.contexte.paragraph_1","Ce jeu a été développé en <strong>groupe de 6 personnes</strong> lors de la <strong>Game Jam GodMoFather</strong> à l'<strong>IIM</strong> en 2026.

Le thème de la jam tournait autour du <strong>casino</strong>.
Notre sujet était de créer un <strong>tiercé parodique</strong>."
"horse_gamble_ultimate_race.pitch.heading","Pitch"
"horse_gamble_ultimate_race.pitch.paragraph_1","Le principe du jeu est de <strong>parier</strong> sur les <strong>3 chevaux</strong> qui vont terminer sur le podium.
Il n'y a pas de limite de <strong>joueurs</strong>.

Une fois les paris enregistrés, tout le monde assiste à une <strong>course imprévisible</strong>, avec beaucoup de retournements de situation.
Quand les 3 premiers chevaux ont fini la course, le jeu affiche les <strong>gagnants</strong>, les <strong>meilleurs parieurs</strong> et les <strong>pires parieurs</strong>."
"horse_gamble_ultimate_race.video_de_gameplay.heading","Vidéo de Gameplay"
"horse_gamble_ultimate_race.media.walkthrough_mp4.label","Walkthrough"
"horse_gamble_ultimate_race.mon_travail.heading","Mon travail"
"horse_gamble_ultimate_race.media.leaderboard_mp4.label","LeaderBoard"
"horse_gamble_ultimate_race.systeme_de_comptes.heading","Système de comptes"
"horse_gamble_ultimate_race.systeme_de_comptes.paragraph_1","J'ai mis en place un <strong>système de comptes</strong>.
Lorsqu'un pari est créé, si le nom n'existe pas encore, le jeu crée un <strong>nouveau compte</strong>.
S'il existe déjà, le jeu récupère le compte avec son <strong>score actuel</strong>.

Quand le pari est confirmé, le montant est retiré du compte. À la fin de la partie, les <strong>gains</strong> sont ajoutés au score du joueur."
"horse_gamble_ultimate_race.media.bets_mp4.label","Bets"
"horse_gamble_ultimate_race.systeme_de_paris.heading","Système de paris"
"horse_gamble_ultimate_race.systeme_de_paris.paragraph_1","J'ai fait le <strong>système de paris</strong>.
Le joueur entre son <strong>nom</strong>, le <strong>montant</strong> qu'il veut parier, puis le <strong>podium</strong> qu'il prédit pour la course.

À la fin, il gagne plus ou moins de <strong>score</strong> en fonction du nombre de chevaux arrivés à la <strong>position prédite</strong>."
"horse_gamble_ultimate_race.media.leaderboard_mp4.label_2","LeaderBoard"
"horse_gamble_ultimate_race.sauvegarde_des_comptes.heading","Sauvegarde des comptes"
"horse_gamble_ultimate_race.sauvegarde_des_comptes.paragraph_1","J'ai créé une <strong>sauvegarde automatique</strong> de tous les comptes des joueurs avec leurs <strong>scores</strong>.
Les données sont sauvegardées après chaque partie, puis <strong>chargées automatiquement</strong> au lancement du jeu."
"horse_gamble_ultimate_race.media.sounds_mp4.label","Sounds"
"horse_gamble_ultimate_race.integration_des_sons.heading","Intégration des sons"
"horse_gamble_ultimate_race.integration_des_sons.paragraph_1","J'ai fait l'<strong>intégration des sons</strong> dans le jeu.
Pour cela, j'ai pu reprendre mon <strong>script audio</strong> de la jam de l'année précédente, <musclo_surf>Musclo Surf</musclo_surf>.

Je n'ai presque pas eu besoin de le modifier : il m'a surtout fallu <strong>remplacer les sons</strong> par ceux du nouveau projet."
"horse_gamble_ultimate_race.lien_pour_le_telecharger.heading","Lien pour le télécharger"
"horse_gamble_ultimate_race.lien_pour_le_telecharger.paragraph_1","Vous pouvez télécharger le jeu via cette page <itch>itch.io</itch>."
"musclo_surf.contexte.heading","Contexte"
"musclo_surf.contexte.paragraph_1","Ce jeu a été développé en <strong>groupe de 7 personnes</strong> lors de la <strong>Game Jam GodMoFather</strong> à l'<strong>IIM</strong> en 2025.

C'est avec ce projet que j'ai utilisé <strong>Unity</strong> pour la première fois."
"musclo_surf.pitch.heading","Pitch"
"musclo_surf.pitch.paragraph_1","Ce jeu se joue en <strong>2 contre 2</strong> avec <strong>2 manettes</strong>.
Chaque joueur utilise <strong>une moitié de manette</strong> et doit reproduire une série de touches demandée pour gagner des <strong>boosts de vitesse</strong>.

Les joueurs peuvent débloquer des <strong>poses</strong> avec les points gagnés durant les manches.
Les spectateurs peuvent aussi <strong>parier</strong> sur l'<strong>équipe gagnante</strong> avant la partie."
"musclo_surf.video_de_gameplay.heading","Vidéo de Gameplay"
"musclo_surf.video_de_gameplay.iframe_title","Musclo Surf gameplay"
"musclo_surf.mon_travail.heading","Mon travail"
"musclo_surf.media.sounds_mp4.label","Sounds"
"musclo_surf.integration_des_sons.heading","Intégration des sons"
"musclo_surf.integration_des_sons.paragraph_1","Je me suis occupé d'<strong>intégrer les sons</strong> dans le jeu.
Il y a énormément d'<strong>effets sonores</strong> différents qui peuvent se lancer en même temps tout au long de la partie.

Pour gérer cela, j'ai essayé de créer pour la première fois un <strong>pool system</strong> audio, qui a étonnamment fonctionné du premier coup."
"musclo_surf.media.controllersconnection_gif.label","ControllersConnection"
"musclo_surf.multi_manettes.heading","Multi-manettes"
"musclo_surf.multi_manettes.paragraph_1","J'ai fait le système permettant de connecter <strong>2 manettes</strong> au jeu et de différencier leurs <strong>entrées</strong>.

J'ai découvert en même temps le système d'<strong>Input Maps</strong> d'Unity. C'était un peu difficile au début, mais je m'en suis bien sorti."
"musclo_surf.media.preview_gif.label","Preview"
"musclo_surf.split_camera.heading","Split camera"
"musclo_surf.split_camera.paragraph_1","Pour finir, j'ai fait le <strong>système de caméra</strong>.
Lorsque les <strong>2 joueurs</strong> sont proches, le jeu utilise une seule <strong>caméra centrée</strong>.
S'ils s'éloignent, l'écran se sépare en <strong>2 vues</strong>."
"musclo_surf.lien_pour_le_telecharger.heading","Lien pour le télécharger"
"musclo_surf.lien_pour_le_telecharger.paragraph_1","Vous pouvez télécharger le jeu via cette page <itch>itch.io</itch>."
"game_jams.mes_game_jams.heading","Mes Game Jams"
"game_jams.auguste_paccapelo.heading","Auguste Paccapelo"
"home.game_programmer.heading","Game programmer"
"home.unity_unreal_engine_godot.heading","Unity / Unreal Engine / Godot"
"home.auguste_paccapelo.heading","Auguste Paccapelo"
"home.mes_projets_favoris.heading","Mes projets favoris"
"devtober.c_est_quoi.heading","C'est quoi ?"
"devtober.c_est_quoi.paragraph_1","Vous connaissez peut-être le <strong>Inktober</strong> : le but est de faire un <strong>dessin</strong> sur un thème donné <strong>chaque jour</strong> du mois <strong>d'octobre</strong>.

Le <strong>Devtober</strong> c'est la même chose, mais j'ai fait un <strong>script</strong> / une <strong>mécanique</strong> par jour sur les mêmes thèmes."
"devtober.media.prompt_list_2025_png.label","Prompt List 2025"
"devtober.contexte.heading","Contexte"
"devtober.contexte.paragraph_1","En octobre 2025, je venais tout juste d'arriver en A2 à l'<strong>IIM</strong>, et contrairement à mes nouveaux camarades de classe, <strong>je ne connaissais pas Unity</strong> car j'étais sur <strong>Godot</strong> toute l'année précédente.

Je me suis donc servi de ce défi pour non seulement faire <strong>un script par jour</strong>, mais aussi <strong>apprendre</strong> quelque chose dans <strong>Unity</strong> chaque <strong>jour</strong>. C'était plus <strong>difficile</strong> que ce à quoi je m'attendais, surtout qu'avec les <strong>cours</strong> la journée, je comptais plus ou moins <strong>2 heures</strong> par <strong>jour</strong> pour ce défi.

Je ne vais pas tout montrer, mais vous pouvez voir chacun des 31 jours avec ce <github>lien</github>."
"devtober.video_avec_certains_jours.heading","Vidéo avec certains jours"
"devtober.media.devtober_2025_trailer_mp4.label","Devtober 2025 Trailer"
"devtober.ce_que_j_ai_prefere.heading","Ce que j'ai préféré"
"devtober.media.j1_mustache_gif.label","J1 Mustache"
"devtober.jour_1_mustache.heading","Jour 1 : Mustache"
"devtober.jour_1_mustache.paragraph_1","Le premier jour, littéralement la <strong>6ème fois</strong> que j'ouvre le moteur <strong>Unity</strong>. J'ai essayé de faire en sorte que l'on puisse ""<strong>dessiner</strong>"" la <strong>moustache</strong> que l'on souhaite.

J'ai commencé simplement, en découvrant les <strong>inputs souris</strong> et la <strong>création d'objets</strong> dans Unity."
"devtober.media.j10_sweep_gif.label","J10 Sweep"
"devtober.jour_10_sweep.heading","Jour 10 : Sweep"
"devtober.jour_10_sweep.paragraph_1","En bas à droite nous avons un <strong>radar</strong>, qui affiche <strong>où</strong> sont les <strong>cibles</strong> dans le monde.
À l'aide du radar, on peut <strong>deviner</strong> où sont les <strong>cibles</strong> dans le monde et <strong>cliquer dessus</strong>.

J'ai commencé à apprendre l'<strong>UI</strong> d'Unity et à faire une <strong>mini-map</strong> simple avec."
"devtober.media.j15_ragged_gif.label","J15 Ragged"
"devtober.jour_15_ragged.heading","Jour 15 : Ragged"
"devtober.jour_15_ragged.paragraph_1","Pour ce jour, j'ai voulu voir comment fonctionnaient les <strong>Shaders</strong> dans <strong>Unity</strong>, je connaissais certaines <strong>bases</strong> dans <strong>Godot</strong>. Ce n'est que visuel."
"devtober.media.j26_puzzling_gif.label","J26 Puzzling"
"devtober.jour_26_puzzling.heading","Jour 26 : Puzzling"
"devtober.jour_26_puzzling.paragraph_1","Ici il n'y a <strong>pas d'objectif</strong>, le trait violet est comme un <strong>laser</strong> et les rectangles blancs des <strong>miroirs</strong>.

J'ai utilisé les <strong>LineRenderers</strong> et les <strong>Raycasts</strong>."
"devtober.lien_pour_le_telecharger.heading","Lien pour le télécharger"
"devtober.lien_pour_le_telecharger.paragraph_1","Vous pouvez télécharger une build via mon <github>Git</github>."
"personal_projects.mes_projets_personnels.heading","Mes projets personnels"
"personal_projects.auguste_paccapelo.heading","Auguste Paccapelo"
"tween_core.contexte.heading","Contexte"
"tween_core.contexte.paragraph_1","<strong>TweenCore</strong> est un <strong>package</strong> Unity qui permet de faire des <strong>animations</strong>, principalement en 2D et / ou pour l'UI.

On peut l'utiliser par <strong>code</strong> et via <strong>l'éditeur</strong>, en fonction de la complexité voulue. J'ai essayé de faire une structure similaire aux <strong>Tweens</strong> de <strong>Godot</strong>."
"tween_core.exemple_concret.heading","Exemple concret"
"tween_core.exemple_concret.paragraph_1","Je l'ai utilisé pour un rendu de cours, on était en groupe de 3 Game Programmers et nous avions fait le jeu ""Président"" en 1 semaine.

Ici les animations ont été créées par script."
"tween_core.media.draw_anim_gif.label","Draw Anim"
"tween_core.exemple_concret.paragraph_2","Animation des boutons et distribution des cartes"
"tween_core.media.exchange_gif.label","Exchange"
"tween_core.exemple_concret.paragraph_3","Animations d'échange de cartes entre 2 joueurs"
"tween_core.media.play_cards_gif.label","Play Cards"
"tween_core.exemple_concret.paragraph_4","Animation lorsque des joueurs jouent une ou plusieurs cartes, avec un peu d'aléatoire"
"tween_core.comment_l_utiliser.heading","Comment l'utiliser"
"tween_core.media.simple_drop_anim_mp4.label","Simple Drop Anim"
"tween_core.animation_finie.heading","Animation finie"
"tween_core.animation_finie.paragraph_1","On peut faire une animation qui se joue <strong>une seule fois</strong> ou <strong>un certain nombre de fois</strong>.

Ici par exemple, le cube va descendre d'une certaine hauteur 7 fois d'affilée, avec un effet de <strong>rebond</strong> à chaque itération."
"tween_core.media.infinite_and_link_anim_mp4.label","Infinite And Link Anim"
"tween_core.animation_infinie_lien_entre_animations.heading","Animation infinie & lien entre animations"
"tween_core.animation_infinie_lien_entre_animations.paragraph_1","On peut également faire des animations <strong>infinies</strong>, comme par exemple faire tourner un élément en boucle.

De plus, chaque <strong>TweenComponent</strong> et chaque <strong>property</strong> ont des <strong>UnityEvents</strong> et des <strong>C# events</strong> à chaque état, pour faire certaines actions lorsqu'on le souhaite.

Ici le triangle va se mettre à tourner à l'infini une fois que le carré aura fini son animation."
"tween_core.media.custom_curves_mp4.label","Custom Curves"
"tween_core.les_types_et_eases.heading","Les Types et Eases"
"tween_core.les_types_et_eases.paragraph_1","Les tweens ont beaucoup de <strong>types</strong> et d'<strong>eases</strong> possibles, dont une bonne partie est déjà <strong>intégrée</strong>.

Cependant, si besoin, on peut également donner une <strong>CustomCurve</strong> que la property va suivre.

Pour des besoins très spécifiques, on peut donner une <strong>fonction</strong> que la property va utiliser par <strong>script</strong>."
"tween_core.lien_pour_le_telecharger.heading","Lien pour le télécharger"
"tween_core.lien_pour_le_telecharger.paragraph_1","Vous pouvez télécharger le package via mon <github>Git</github>."
"color_survivor.contexte.heading","Contexte"
"color_survivor.contexte.paragraph_1","Dans le cadre d'un cours à l'<strong>IIM Digital School</strong>, nous devions faire un jeu de type <strong>Arena Shoot 'em Up</strong>.
Ce jeu devait être réalisé en <strong>C++</strong> uniquement à l'aide de la bibliothèque <strong>SFML</strong> et uniquement avec des formes simples.

Nous étions en groupe de 3 Game Programmers."
"color_survivor.pitch.heading","Pitch"
"color_survivor.pitch.paragraph_1","Le but est de <strong>survivre</strong> le plus longtemps possible. Pour détruire les <strong>ennemis</strong>, il faut être de la <strong>même couleur qu'eux</strong>."
"color_survivor.walkthrough.heading","Walkthrough"
"color_survivor.media.walkthrough_mp4.label","Walkthrough"
"color_survivor.mon_travail.heading","Mon travail"
"color_survivor.media.lightnings_gif.label","Lightnings"
"color_survivor.eclairs.heading","Éclairs"
"color_survivor.eclairs.paragraph_1","J'ai fait un effet <strong>d'éclairs</strong>, que j'avais initialement réalisé sous <strong>Godot</strong> en <strong>C#</strong> pour mon jeu <sokovolt>SokoVolt</sokovolt>. J'ai donc dû <strong>traduire</strong> le code et faire l'<strong>affichage</strong> à la main.

Pour optimiser le jeu, la boîte de <strong>collision</strong> des éclairs est un seul <strong>grand rectangle</strong>."
"color_survivor.media.default_gif.label","Default"
"color_survivor.pool_system.heading","Pool System"
"color_survivor.pool_system.paragraph_1","Afin de gagner des <strong>performances</strong> et éviter <strong>d'instancier</strong> et de <strong>supprimer</strong> énormément de balles et d'ennemis très <strong>régulièrement</strong>, j'ai intégré un <strong>système de pooling</strong>.

Les éléments qui l'utilisent sont les <strong>éclairs</strong>, les <strong>ennemis</strong> et surtout les <strong>balles</strong>."
"color_survivor.media.movements_gif.label","Movements"
"color_survivor.movements.heading","Movements"
"color_survivor.movements.paragraph_1","Je me suis occupé de faire les <strong>mouvements</strong> du <strong>joueur</strong> et des <strong>ennemis</strong>. Pour avoir un <strong>meilleur ressenti</strong>, j'ai fait des <strong>calculs de friction</strong>. Si on change <strong>légèrement</strong> de <strong>direction</strong>, on ne sent <strong>pas beaucoup de différence</strong>, alors que si on fait <strong>demi-tour</strong>, on ressent le <strong>freinage</strong> nécessaire avant de repartir."
"color_survivor.media.default_gif.label_2","Default"
"color_survivor.architecture.heading","Architecture"
"color_survivor.architecture.paragraph_1","Au début du projet, je me suis occupé de faire <strong>l'architecture</strong> des <strong>classes</strong>, principalement de l'<strong>héritage</strong>, ce qui a permis pour la plupart des <strong>systèmes</strong> d'avoir une <strong>seule liste</strong> du type <strong>GameObject</strong> au lieu d'une liste par classe."
"color_survivor.media.behaviors_gif.label","Behaviors"
"color_survivor.les_ennemis.heading","Les ennemis"
"color_survivor.les_ennemis.paragraph_1","J'ai fait le comportement de nos 3 types d'ennemis :

Les <strong>corps-à-corps</strong>, qui <strong>suivent</strong> le joueur et essaient de le toucher ;

Les <strong>tireurs</strong>, qui <strong>tournent</strong> autour du joueur et <strong>tirent</strong> des balles ;

Et les <strong>tourelles</strong>, qui ne bougent pas mais tirent de longs <strong>éclairs</strong>."
"color_survivor.media.default_gif.label_3","Default"
"color_survivor.les_collisions.heading","Les collisions"
"color_survivor.les_collisions.paragraph_1","J'ai <strong>participé</strong> aux <strong>calculs</strong> de <strong>collision</strong>, principalement pour les <strong>optimiser</strong>. J'ai utilisé <strong>2 techniques</strong> :

Un système de <strong>layers</strong> : chaque objet a un <strong>layer</strong> pour définir son <strong>type</strong>, et un <strong>masque de collision</strong> pour définir avec <strong>qui il peut collisionner</strong>.

Une <strong>circle broad phase</strong> : chaque objet possède un <strong>cercle</strong> qui <strong>englobe</strong> toute sa <strong>boîte de collision</strong>. Lorsque l'on veut tester 2 objets, on va d'abord <strong>tester</strong> si leurs <strong>2 cercles</strong> se <strong>touchent</strong> ou non."
"color_survivor.lien_pour_le_telecharger.heading","Lien pour le télécharger"
"color_survivor.lien_pour_le_telecharger.paragraph_1","Vous pouvez télécharger une build via ce <github>lien</github>."
"dragons_cadence.contexte.heading","Contexte"
"dragons_cadence.contexte.paragraph_1","Mon premier projet de deuxième année à l'IIM Digital School, réalisé en groupe :

3 Game Programmers
3 Game Designers
2 Game Artists"
"dragons_cadence.pitch.heading","Pitch"
"dragons_cadence.pitch.paragraph_1","Le joueur doit <strong>apporter</strong> les <strong>notes</strong> de musique dans la gueule du ou des <strong>dragons</strong>. Pour cela, il doit <strong>placer</strong> des <strong>instruments</strong> de musique pour guider les notes."
"dragons_cadence.walkthrough.heading","Walkthrough"
"dragons_cadence.walkthrough.iframe_title","Dragon's Cadence Walkthrough"
"dragons_cadence.mon_travail.heading","Mon travail"
"dragons_cadence.media.gif_mobile_puzzle_placements_compil_gif.label","Gif Mobile Puzzle Placements Compil"
"dragons_cadence.placement_des_instruments.heading","Placement des instruments"
"dragons_cadence.placement_des_instruments.paragraph_1","Le joueur a un <strong>nombre limité</strong> de chaque instrument, il peut les placer <strong>où il le souhaite</strong> tant que ce n'est pas sur un obstacle ou un autre instrument. Chaque instrument peut également être <strong>tourné</strong>, librement ou non."
"dragons_cadence.media.gif_mobile_puzzle_connection_google_play_gif.label","Gif Mobile Puzzle Connection Google Play"
"dragons_cadence.les_succes.heading","Les succès"
"dragons_cadence.les_succes.paragraph_1","Je me suis occupé de la connexion aux services de <strong>Google Play</strong>. On s'en est servi pour mettre des <strong>succès</strong> dans le jeu."
"dragons_cadence.media.gif_mobile_puzzle_in_game_locks_gif.label","Gif Mobile Puzzle In Game Locks"
"dragons_cadence.les_cadenas.heading","Les cadenas"
"dragons_cadence.les_cadenas.paragraph_1","Il y a certaines zones du niveau bloquées par une chaîne avec un cadenas. Dès qu'une <strong>note</strong> touche une <strong>clé</strong> de Fa ou de Sol, <strong>le cadenas et sa chaîne</strong> correspondante <strong>disparaissent</strong> pour rendre accessible la zone."
"dragons_cadence.media.gif_mobile_puzzle_animations_gif.label","Gif Mobile Puzzle Animations"
"dragons_cadence.animations_du_rythme_des_instruments.heading","Animations du rythme des instruments"
"dragons_cadence.animations_du_rythme_des_instruments.paragraph_1","Suite à des problèmes durant le développement, le jeu n'a pas autant de juiciness que l'on voulait.

Malgré tout, j'ai pu utiliser mon package <tweencore>TweenCore</tweencore> pour <strong>rapidement</strong> inclure de simples <strong>animations synchronisées</strong> sur tous les <strong>instruments</strong>."
"dragons_cadence.media.gif_mobile_puzzle_tempo_drum_gif.label","Gif Mobile Puzzle Tempo Drum"
"dragons_cadence.le_tambour_rythme.heading","Le tambour rythmé"
"dragons_cadence.le_tambour_rythme.paragraph_1","Le premier instrument que j'ai réalisé est celui ci-contre. La note <strong>rebondit</strong> dessus seulement sur un <strong>certain tempo</strong>. Le joueur peut <strong>choisir</strong> ce tempo avec un bouton lorsque l'instrument est sélectionné."
"dragons_cadence.media.gif_mobile_puzzle_trumpet_gif.label","Gif Mobile Puzzle Trumpet"
"dragons_cadence.la_trompette.heading","La trompette"
"dragons_cadence.la_trompette.paragraph_1","J'ai également réalisé la trompette. Comme le tambour, elle n'est active que pendant un <strong>certain temps</strong>. Son effet est similaire aux <strong>flux de gravité</strong> dans Portal 2."
"dragons_cadence.media.gif_mobile_puzzle_cor_gif.label","Gif Mobile Puzzle Cor"
"dragons_cadence.le_cor.heading","Le Cor"
"dragons_cadence.le_cor.paragraph_1","J'ai participé à l'intégration du cor. La mécanique était faite, cependant l'instrument n'était pas utilisable en jeu dans son état."
"dragons_cadence.media.gif_mobile_puzzle_ids_for_gd_gif.label","Gif Mobile Puzzle Ids For Gd"
"dragons_cadence.aides_pour_le_ld.heading","Aides pour le LD"
"dragons_cadence.aides_pour_le_ld.paragraph_1","Pour <strong>faciliter la création de niveaux</strong>, les éléments qui peuvent avoir des <strong>visuels alternatifs</strong> avaient une simple variable exposée qui changeait <strong>automatiquement</strong> les <strong>visuels</strong> et leurs <strong>comportements</strong>.

Cela permettait aux Game Designers d'utiliser <strong>le même prefab</strong> pour chacun des éléments, et de les modifier au besoin <strong>facilement</strong>."
"dragons_cadence.media.gif_mobile_puzzle_double_dragons_gif.label","Gif Mobile Puzzle Double Dragons"
"dragons_cadence.niveaux_avec_plusieurs_types_de_notes.heading","Niveaux avec plusieurs types de notes"
"dragons_cadence.niveaux_avec_plusieurs_types_de_notes.paragraph_1","Certains niveaux ont 2 bardes, 2 notes et 2 dragons <strong>différents</strong>. Ici on peut les différencier facilement avec les <strong>couleurs</strong>.

Avec le système permettant aux prefabs de changer automatiquement de visuel, ça a été très simple d'implémenter ce genre de niveaux."
"dragons_cadence.media.gif_mobile_puzzle_grey_obstacles_gif.label","Gif Mobile Puzzle Grey Obstacles"
"dragons_cadence.les_instruments_delabres.heading","Les instruments délabrés"
"dragons_cadence.les_instruments_delabres.paragraph_1","Chaque instrument a une version <strong>délabrée</strong>, qui peut être utilisée dans le <strong>level design</strong> de n'importe quel niveau.

Ils fonctionnent de la même manière que les instruments classiques, sauf que le joueur <strong>ne peut pas les modifier ou déplacer</strong>."
"dragons_cadence.lien_pour_le_telecharger.heading","Lien pour le télécharger"
"dragons_cadence.lien_pour_le_telecharger.paragraph_1","Vous pouvez le chercher sur le Google Play Store, utiliser ce QR code ou alors utiliser ce <google_play>lien</google_play>:"
"dragons_cadence.media.dragons_cadence_qr_code_png.label","Dragons Cadence Qr Code"
"zero_paws.contexte.heading","Contexte"
"zero_paws.contexte.paragraph_1","<strong>Zero Paws</strong> est mon deuxième et dernier projet de <strong>deuxième année à l'IIM</strong>.
Il a été réalisé en <strong>groupe de 8 personnes</strong> :

3 Game Programmers,
2 Game Designers,
2 Game Artists et
1 Producer.

Une personne de l'équipe devait se désigner pour prendre le rôle de <strong>Producer</strong>.
Dans notre équipe, l'un des Game Designers s'est proposé."
"zero_paws.pitch.heading","Pitch"
"zero_paws.pitch.paragraph_1","Vous incarnez <strong>ZipZap</strong>, un <strong>chat alien</strong> qui infiltre un vaisseau spatial à la recherche d'<strong>herbe à chat</strong>.

Vous vous déplacez en <strong>zéro gravité</strong>, tout en évitant les <strong>pièges</strong> et les <strong>ennemis</strong> pour atteindre votre objectif."
"zero_paws.walkthrough.heading","Walkthrough"
"zero_paws.walkthrough.iframe_title","Zero Paws Walkthrough"
"zero_paws.mon_travail.heading","Mon travail"
"zero_paws.media.ai_bt_png.label","AI BT"
"zero_paws.les_ia.heading","Les IA"
"zero_paws.les_ia.paragraph_1","Je me suis occupé de développer les <strong>IA</strong> du jeu.
Pour cela, j'ai utilisé les <strong>Behavior Trees</strong> d'Unreal Engine.

Leur comportement est séparé en <strong>5 états principaux</strong>."
"zero_paws.media.gif_fpsunreal_ai_stun_gif.label","Gif FPSUnreal AI Stun"
"zero_paws.l_etat_etourdi.heading","L'état étourdi"
"zero_paws.l_etat_etourdi.paragraph_1","Les ennemis peuvent être <strong>étourdis</strong> lorsqu'on leur lance un <strong>savon</strong> dessus.

Lorsqu'ils sont étourdis, ils <strong>n'entendent rien</strong>, <strong>ne voient rien</strong> et <strong>ne bougent plus</strong>."
"zero_paws.media.gif_fpsunreal_ai_sleep_gif.label","Gif FPSUnreal AI Sleep"
"zero_paws.l_etat_endormi.heading","L'état endormi"
"zero_paws.l_etat_endormi.paragraph_1","Les ennemis peuvent commencer la partie en étant <strong>endormis</strong>.

Cet état est similaire à l'état étourdi, mais lorsqu'ils <strong>entendent un bruit</strong>, ils se réveillent et passent à l'état suivant."
"zero_paws.media.gif_fpsunreal_ai_patrol_gif.label","Gif FPSUnreal AI Patrol"
"zero_paws.l_etat_de_patrouille.heading","L'état de patrouille"
"zero_paws.l_etat_de_patrouille.paragraph_1","Les ennemis suivent un <strong>chemin prédéterminé</strong>.

Dès qu'ils <strong>entendent un bruit</strong>, ils passent à l'état d'alerte."
"zero_paws.media.gif_fpsunreal_ia_alerted_gif.label","Gif FPSUnreal IA Alerted"
"zero_paws.l_etat_d_alerte.heading","L'état d'alerte"
"zero_paws.l_etat_d_alerte.paragraph_1","Lorsque les ennemis sont <strong>alertés</strong>, ils se rendent à la position du bruit entendu pour <strong>inspecter les alentours</strong>.

Ils retournent ensuite à l'<strong>état de patrouille</strong>."
"zero_paws.media.gif_fpsunreal_ai_seeplayer_gif.label","Gif FPSUnreal AI SeePlayer"
"zero_paws.l_etat_joueur_en_vue.heading","L'état joueur en vue"
"zero_paws.l_etat_joueur_en_vue.paragraph_1","Le dernier état est déclenché lorsqu'un ennemi <strong>voit le joueur</strong>.
Il s'arrête et regarde dans sa direction.

Si le joueur reste trop longtemps dans son <strong>champ de vision</strong>, la partie est perdue.
Pour être repéré, une certaine <strong>surface du joueur</strong> doit être visible."
"zero_paws.media.soap_gif.label","Soap"
"zero_paws.l_objet_savon.heading","L'objet savon"
"zero_paws.l_objet_savon.paragraph_1","J'ai développé le fonctionnement du <strong>savon</strong>.

Il permet d'<strong>étourdir les ennemis</strong> pendant un certain temps lorsqu'ils sont touchés."
"zero_paws.media.raygun_gif.label","Raygun"
"zero_paws.l_objet_raygun.heading","L'objet raygun"
"zero_paws.l_objet_raygun.paragraph_1","Le jeu contient également un <strong>raygun</strong>, qui permet d'<strong>éliminer temporairement</strong> un ennemi.

Je me suis occupé de son <strong>comportement</strong> et de son <strong>effet de tir</strong>."
"zero_paws.media.alarm_mp4.label","Alarm"
"zero_paws.les_alarmes.heading","Les alarmes"
"zero_paws.les_alarmes.paragraph_1","Les <strong>alarmes</strong> font partie des pièges du jeu.
Elles sont déclenchées par d'autres pièges, comme les <strong>lasers</strong>.

Lorsqu'elles sont activées, elles produisent un <strong>bruit continu</strong> qui alerte les ennemis.
Les ennemis vont ensuite désactiver l'alarme une fois qu'ils l'ont atteinte."
"zero_paws.media.tool_prototype_mp4.label","Tool Prototype"
"zero_paws.prototype_de_tool.heading","Prototype de tool"
"zero_paws.prototype_de_tool.paragraph_1","Pour finir, j'ai réalisé un <strong>prototype d'outil</strong> pour créer le squelette des niveaux.

Il permet de générer une salle de <strong>n'importe quelle forme</strong> et de <strong>n'importe quelle taille</strong> dans une grille."
"zero_paws.lien_pour_le_telecharger.heading","Lien pour le télécharger"
"zero_paws.lien_pour_le_telecharger.paragraph_1","Vous pouvez télécharger une build via ce <itch>lien itch</itch>."
"school_projects.mes_projets_d_ecole.heading","Mes projets d'école"
"school_projects.auguste_paccapelo.heading","Auguste Paccapelo"
"blind_gunner.contexte.heading","Contexte"
"blind_gunner.contexte.paragraph_1","<strong>Blind Gunner</strong> est mon premier projet réalisé durant ma <strong>première année à ISART Digital</strong>.
J'ai travaillé seul sur le <strong>Game Programming</strong>, le <strong>Game Design</strong> et le <strong>Game Art</strong>.

La seule contrainte était de créer un <strong>shoot 'em up</strong>."
"blind_gunner.pitch.heading","Pitch"
"blind_gunner.pitch.paragraph_1","Le jeu repose sur <strong>3 types d'éléments</strong> :
les <strong>ennemis</strong>,
les <strong>collectibles</strong>,
et les <strong>obstacles</strong>.

Le joueur ne peut voir clairement qu'<strong>une seule catégorie</strong> à la fois.
Pour tirer sur les ennemis, il doit activer le <strong>filtre des ennemis</strong>. Pour récupérer les collectibles, il doit passer sur le <strong>filtre des collectibles</strong>. Les obstacles, eux, restent toujours dangereux, mais certains peuvent être <strong>détruits</strong> avec le bon filtre."
"blind_gunner.walkthrough.heading","Walkthrough"
"blind_gunner.media.shmup_blindgunner_walktrough_mp4.label","SHMUP BlindGunner WalkTrough"
"blind_gunner.mon_travail.heading","Mon travail"
"blind_gunner.media.filters_gif.label","Filters"
"blind_gunner.le_systeme_de_filtres.heading","Le système de filtres"
"blind_gunner.le_systeme_de_filtres.paragraph_1","L'idée originale était que le joueur ne puisse voir qu'<strong>un seul type d'élément</strong> à la fois, les autres devenant complètement invisibles.

Même si cette mécanique avait été validée au début du projet, il m'a été demandé durant la dernière semaine de la modifier. Avec le temps restant, j'ai ajusté le système pour rendre les éléments non filtrés <strong>légèrement visibles</strong>.

Le joueur peut alterner entre <strong>3 filtres</strong> :
un filtre pour voir les <strong>ennemis</strong>,
un filtre pour voir les <strong>collectibles</strong>,
et un filtre pour voir les <strong>obstacles</strong>.

Ne pas voir un élément ne signifie pas qu'il disparaît : avec le filtre des collectibles, les ennemis et les obstacles peuvent toujours infliger des <strong>dégâts</strong>, mais le joueur ne peut pas les toucher avec ses tirs."
"blind_gunner.media.ennemies_cac_gif.label","Ennemies CAC"
"blind_gunner.les_ennemis_au_corps_a_corps.heading","Les ennemis au corps à corps"
"blind_gunner.les_ennemis_au_corps_a_corps.paragraph_1","Le premier type d'ennemi attaque au <strong>corps à corps</strong>.
Il se déplace vers le joueur en <strong>oscillant</strong>, puis est détruit lorsqu'il touche le joueur."
"blind_gunner.media.ennemies_distance_gif.label","Ennemies Distance"
"blind_gunner.les_ennemis_a_distance.heading","Les ennemis à distance"
"blind_gunner.les_ennemis_a_distance.paragraph_1","Il existe aussi <strong>2 types d'ennemis à distance</strong>.
Le premier reste sur place et <strong>tire droit devant lui</strong>.
Le second reste à droite de l'écran et continue d'attaquer jusqu'à ce que le joueur le <strong>détruise</strong>."
"blind_gunner.media.collectibles_gif.label","Collectibles"
"blind_gunner.les_collectibles.heading","Les collectibles"
"blind_gunner.les_collectibles.paragraph_1","Il existe <strong>3 collectibles</strong> différents :
un collectible qui redonne de la <strong>vie</strong>,
un collectible qui <strong>améliore</strong> le personnage,
et un collectible qui donne une <strong>bombe</strong> au joueur."
"blind_gunner.media.boss_mp4.label","Boss"
"blind_gunner.le_boss.heading","Le boss"
"blind_gunner.le_boss.paragraph_1","À la fin du niveau, le joueur affronte un <strong>boss</strong>.
La contrainte était qu'il ne possède pas de véritables <strong>points de vie</strong>.
Le combat devait durer entre <strong>30 secondes</strong> et <strong>1 minute</strong>, tout en donnant l'illusion que les tirs du joueur avaient un impact.
Ses attaques devaient aussi être <strong>synchronisées avec la musique</strong>."
"blind_gunner.lien_pour_le_telecharger.heading","Lien pour le télécharger"
"blind_gunner.lien_pour_le_telecharger.paragraph_1","Vous pouvez télécharger une build via mon <github>GitHub</github>."
"morse_learner.contexte.heading","Contexte"
"morse_learner.contexte.paragraph_1","<strong>Morse Learner</strong> est un projet réalisé en solo durant ma <strong>première année à ISART Digital</strong>.
Le sujet était de créer un jeu qui soit à la fois un <strong>One Button Game</strong> et un <strong>Serious Game</strong>.

J'ai choisi de créer un jeu mobile autour de l'<strong>apprentissage du morse</strong>, en utilisant uniquement la durée d'appui du joueur pour différencier les entrées."
"morse_learner.pitch.heading","Pitch"
"morse_learner.pitch.paragraph_1","Le joueur doit reproduire des lettres en <strong>code morse</strong>.
Un <strong>appui court</strong> crée un point, tandis qu'un <strong>appui long</strong> crée un tiret.

L'objectif est de mémoriser progressivement l'alphabet morse grâce à un système de <strong>feedback visuel</strong>, d'<strong>animations</strong> et de <strong>progression par lettres</strong>."
"morse_learner.walkthrough.heading","Walkthrough"
"morse_learner.media.walkthrough_mp4.label","Walkthrough"
"morse_learner.mon_travail.heading","Mon travail"
"morse_learner.media.inputsequence_gif.label","InputSequence"
"morse_learner.la_verification_du_morse.heading","La vérification du morse"
"morse_learner.la_verification_du_morse.paragraph_1","J'ai créé un système qui convertit les lettres en <strong>code morse</strong>, puis compare les entrées du joueur avec la lettre demandée.

À chaque point ou tiret ajouté, le jeu vérifie si la séquence est encore correcte. Si le joueur se trompe, la combinaison est réinitialisée et un <strong>feedback d'erreur</strong> est lancé."
"morse_learner.media.newletter_gif.label","NewLetter"
"morse_learner.la_progression_d_apprentissage.heading","La progression d'apprentissage"
"morse_learner.la_progression_d_apprentissage.paragraph_1","J'ai mis en place un mode d'apprentissage qui <strong>introduit</strong> les lettres <strong>progressivement</strong>.
Le joueur commence avec peu de lettres, puis en débloque de nouvelles après plusieurs bonnes réponses d'affilée."
"morse_learner.media.inputsequence_gif.label_2","InputSequence"
"morse_learner.le_feedback_visuel.heading","Le feedback visuel"
"morse_learner.le_feedback_visuel.paragraph_1","J'ai travaillé sur les <strong>animations</strong> et les retours visuels des symboles.
Les points et les tirets apparaissent avec une animation, changent d'état lorsqu'ils sont corrects, et se cassent lorsque le joueur fait une erreur.

Ces feedbacks permettent au joueur de comprendre rapidement s'il est sur la bonne séquence ou non."
"morse_learner.lien_pour_le_telecharger.heading","Lien pour le télécharger"
"morse_learner.lien_pour_le_telecharger.paragraph_1","Vous pouvez télécharger une build via mon <github>GitHub</github>."
"sokovolt.contexte.heading","Contexte"
"sokovolt.contexte.paragraph_1","Mon second projet durant ma première année à ISART Digital Paris, réalisé en groupe de 5.
Nous étions tous dans la même classe en Game Design & Programming."
"sokovolt.pitch.heading","Pitch"
"sokovolt.pitch.paragraph_1","C'est un <strong>puzzle game</strong> du type <strong>Sokoban</strong>. Le but est de <strong>déplacer</strong> les <strong>bobines tesla</strong> pour alimenter les <strong>ampoules</strong>, en les connectant à un <strong>générateur</strong>. Une fois toutes les ampoules alimentées, une <strong>porte s'ouvre</strong>, et le joueur doit la prendre pour <strong>valider</strong> le niveau."
"sokovolt.trailer.heading","Trailer"
"sokovolt.trailer.iframe_title","Sokovolt trailer"
"sokovolt.mon_travail.heading","Mon travail"
"sokovolt.media.lightning_example_in_game_mp4.label","Lightning Example In Game"
"sokovolt.les_eclairs.heading","Les éclairs"
"sokovolt.les_eclairs.paragraph_1","J'ai fait <strong>l'effet d'électricité</strong> qui relie les <strong>teslas</strong> lorsqu'elles sont <strong>alimentées</strong>.

Ce sont des <strong>Line2D</strong> qui se <strong>dirigent</strong> dans une <strong>direction</strong> en se contraignant à une <strong>largeur donnée</strong>.
L'effet est entièrement <strong>aléatoire</strong>.
J'ai <strong>exposé</strong> quasiment toutes les <strong>variables</strong> afin de pouvoir les <strong>modifier</strong> comme on le souhaite, et pouvoir les <strong>utiliser</strong> dans différents cas."
"sokovolt.les_eclairs.iframe_title","Sokovolt blocking path gameplay"
"sokovolt.la_condition_de_victoire.heading","La condition de victoire"
"sokovolt.la_condition_de_victoire.paragraph_1","J'ai également fait la <strong>condition de victoire</strong>.
Il y a <strong>2 étapes</strong> pour gagner :

Allumer <strong>toutes</strong> les <strong>ampoules</strong>. Pour cela, il faut qu'une <strong>tesla alimentée</strong> soit présente <strong>autour</strong> de l'ampoule.

Ensuite <strong>sortir</strong> par la porte, qui peut être un défi car <strong>l'électricité</strong> entre les teslas peut <strong>bloquer le chemin</strong>."
"sokovolt.media.login_mp4.label","Login"
"sokovolt.comptes_utilisateurs.heading","Comptes utilisateurs"
"sokovolt.comptes_utilisateurs.paragraph_1","Je me suis occupé de faire l'<strong>écran de connexion</strong> et le <strong>système de connexion</strong>.
Ce sont des comptes <strong>uniquement locaux</strong>, il n'y a pas de serveurs, mais ça permet d'avoir <strong>plusieurs sauvegardes</strong> différentes et d'avoir un <strong>tableau des scores local</strong>.
Les mots de passe sont donc stockés dans <strong>l'ordinateur client</strong> sous une forme <strong>hashée</strong>."
"sokovolt.media.my_level_mp4.label","My Level"
"sokovolt.level_design.heading","Level Design"
"sokovolt.level_design.paragraph_1","Chaque personne du groupe devait réaliser au moins <strong>2 niveaux</strong> :

1 normalement, et 1 uniquement avec <strong>ChatGPT</strong>.
Pour le niveau avec l'IA, nous ne <strong>pouvions pas modifier</strong> le niveau, toute modification devait se faire <strong>via des prompts</strong>, et pour notre jeu l'IA a eu <strong>beaucoup de mal</strong> à produire des niveaux <strong>intéressants</strong> ou <strong>réalisables</strong>."
"sokovolt.lien_pour_le_telecharger.heading","Lien pour le télécharger"
"sokovolt.lien_pour_le_telecharger.paragraph_1","Vous pouvez télécharger une build via mon <github>git</github>"
"tween_core.project.title","Tween Core"
"tween_core.project.job","Tool Programmer"
"devtober.project.title","Devtober"
"devtober.project.job","Game Programmer"
"color_survivor.project.title","Color Survivor"
"color_survivor.project.job","Game Programmer"
"dragons_cadence.project.title","Dragon's Cadence"
"dragons_cadence.project.job","Game Programmer"
"sokovolt.project.title","Sokovolt"
"sokovolt.project.job","Game Programmer"
"zero_paws.project.title","Zero Paws"
"zero_paws.project.job","Game Programmer"
"morse_learner.project.title","Morse Learner"
"morse_learner.project.job","Game Programmer"
"blind_gunner.project.title","Blind Gunner"
"blind_gunner.project.job","Game Programmer"
"musclo_surf.project.title","Musclo Surf"
"musclo_surf.project.job","Game Programmer"
"horse_gamble_ultimate_race.project.title","Horse Gamble Ultimate Race"
"horse_gamble_ultimate_race.project.job","Game Programmer"
"blocky_escape.project.title","Blocky Escape"
"blocky_escape.project.job","Game Programmer"
"shared.categories.solo","Seul"
"shared.categories.group","Groupe"
"shared.categories.unity","Unity"
"shared.categories.unreal","Unreal"
"shared.categories.godot","Godot"
"shared.categories.csharp","C#"
"shared.categories.cpp","C++"
"shared.categories.bp","BluePrint"
"shared.categories.game","Jeu"
"shared.categories.jam","Game Jam"
"shared.categories.puzzle","Puzzle Game"
"shared.categories.fps","FPS"
"shared.categories.shmup","Shoot Them 'Up"
"shared.categories.tool","Tool"
"shared.categories.package","Package"
"shared.categories.personal","Personnel"
"shared.categories.school","École"
"shared.categories.isart","ISART"
"shared.categories.iim","IIM"
"shared.categories.pc","PC"
"shared.categories.mobile","Mobile"
"shared.categories.console","Console"
"shared.categories.vr","VR"
"shared.navigation.accueil","Accueil"
"shared.navigation.projets_personnels","Projets personnels"
"shared.navigation.projets_d_ecole","Projets d'école"
"shared.navigation.game_jams","Game Jams"
"shared.navigation.contact_cv","Contact & CV"
"shared.footer.auguste_paccapelo","Auguste Paccapelo"
"shared.footer.game_programmer","Game programmer"
"shared.search.placeholder","Tous"
"shared.duration.day.singular","jour"
"shared.duration.day.plural","jours"
"shared.duration.week.singular","semaine"
"shared.duration.week.plural","semaines"
"shared.duration.month.singular","mois"
"shared.duration.month.plural","mois"
"shared.search.controlsTitle","Recherche"
"shared.search.limit","Nombre de projets"
"shared.search.sort","Trier par"
"shared.search.categories","Catégories"
"shared.search.allCategories","Toutes"
"shared.search.addFilter","Ajouter un filtre"
"shared.search.noResult","Aucun projet ne correspond à ces filtres."
"shared.search.sort.rank","Préférés"
"shared.search.sort.rank_desc","Moins préférés"
"shared.search.sort.date_desc","Récents"
"shared.search.sort.date_asc","Anciens"
